start-time,Kp,Ki
2024-04-03 00:05:00+00:00,10.0,3.593813663804626
2024-04-03 01:05:00+00:00,10.0,3.593813663804626
2024-04-03 02:05:00+00:00,10.0,3.593813663804626
2024-04-03 03:05:00+00:00,10.0,3.593813663804626
2024-04-03 04:05:00+00:00,10.0,3.593813663804626
2024-04-03 05:05:00+00:00,10.0,3.593813663804626
2024-04-03 06:05:00+00:00,10.0,3.593813663804626
2024-04-03 07:05:00+00:00,10.0,3.593813663804626
2024-04-03 08:05:00+00:00,10.0,3.593813663804626
2024-04-03 09:05:00+00:00,10.0,3.593813663804626
2024-04-03 10:05:00+00:00,10.0,3.593813663804626
2024-04-03 11:05:00+00:00,10.0,3.593813663804626
2024-04-03 12:05:00+00:00,10.0,3.593813663804626
2024-04-03 13:05:00+00:00,10.0,3.593813663804626
2024-04-03 14:05:00+00:00,10.0,3.593813663804626
2024-04-03 15:05:00+00:00,10.0,3.593813663804626
2024-04-03 16:05:00+00:00,10.0,3.593813663804626
2024-04-03 17:05:00+00:00,10.0,3.593813663804626
2024-04-03 18:05:00+00:00,10.0,3.593813663804626
2024-04-03 19:05:00+00:00,10.0,3.593813663804626
2024-04-03 20:05:00+00:00,10.0,3.593813663804626
2024-04-03 21:05:00+00:00,10.0,3.593813663804626
2024-04-03 22:05:00+00:00,10.0,3.593813663804626
2024-04-03 23:05:00+00:00,10.0,3.593813663804626
2024-04-04 00:05:00+00:00,10.0,3.593813663804626
2024-04-04 01:05:00+00:00,10.0,3.593813663804626
2024-04-04 02:05:00+00:00,10.0,3.593813663804626
2024-04-04 03:05:00+00:00,10.0,3.593813663804626
2024-04-04 04:05:00+00:00,10.0,3.593813663804626
2024-04-04 05:05:00+00:00,10.0,3.593813663804626
2024-04-04 06:05:00+00:00,10.0,3.593813663804626
2024-04-04 07:05:00+00:00,10.0,3.593813663804626
2024-04-04 08:05:00+00:00,10.0,3.593813663804626
2024-04-04 09:05:00+00:00,10.0,3.593813663804626
2024-04-04 10:05:00+00:00,10.0,3.593813663804626
2024-04-04 11:05:00+00:00,10.0,3.593813663804626
2024-04-04 12:05:00+00:00,10.0,3.593813663804626
2024-04-04 13:05:00+00:00,10.0,3.593813663804626
2024-04-04 14:05:00+00:00,10.0,3.593813663804626
2024-04-04 15:05:00+00:00,10.0,3.593813663804626
2024-04-04 16:05:00+00:00,10.0,3.593813663804626
2024-04-04 17:05:00+00:00,10.0,3.593813663804626
2024-04-04 18:05:00+00:00,10.0,3.593813663804626
2024-04-04 19:05:00+00:00,10.0,3.593813663804626
2024-04-04 20:05:00+00:00,10.0,3.593813663804626
2024-04-04 21:05:00+00:00,10.0,3.593813663804626
2024-04-04 22:05:00+00:00,10.0,3.593813663804626
2024-04-04 23:05:00+00:00,10.0,3.593813663804626
2024-04-05 00:05:00+00:00,10.0,3.593813663804626
2024-04-05 01:05:00+00:00,10.0,3.593813663804626
2024-04-05 02:05:00+00:00,10.0,3.593813663804626
2024-04-05 03:05:00+00:00,10.0,3.593813663804626
2024-04-05 04:05:00+00:00,10.0,3.593813663804626
2024-04-05 05:05:00+00:00,10.0,3.593813663804626
2024-04-05 06:05:00+00:00,10.0,3.593813663804626
2024-04-05 07:05:00+00:00,10.0,3.593813663804626
2024-04-05 08:05:00+00:00,10.0,3.593813663804626
2024-04-05 09:05:00+00:00,10.0,3.593813663804626
2024-04-05 10:05:00+00:00,10.0,3.593813663804626
2024-04-05 11:05:00+00:00,10.0,3.593813663804626
2024-04-05 12:05:00+00:00,10.0,3.593813663804626
2024-04-05 13:05:00+00:00,10.0,3.593813663804626
2024-04-05 14:05:00+00:00,10.0,3.593813663804626
2024-04-05 15:05:00+00:00,10.0,3.593813663804626
2024-04-05 16:05:00+00:00,10.0,3.593813663804626
2024-04-05 17:05:00+00:00,10.0,3.593813663804626
2024-04-05 18:05:00+00:00,10.0,3.593813663804626
2024-04-05 19:05:00+00:00,10.0,3.593813663804626
2024-04-05 20:05:00+00:00,10.0,3.593813663804626
2024-04-05 21:05:00+00:00,10.0,3.593813663804626
2024-04-05 22:05:00+00:00,10.0,3.593813663804626
2024-04-05 23:05:00+00:00,10.0,3.593813663804626
2024-04-06 00:05:00+00:00,10.0,3.593813663804626
2024-04-06 01:05:00+00:00,10.0,3.593813663804626
2024-04-06 02:05:00+00:00,10.0,3.593813663804626
2024-04-06 03:05:00+00:00,10.0,3.593813663804626
2024-04-06 04:05:00+00:00,10.0,3.593813663804626
2024-04-06 05:05:00+00:00,10.0,3.593813663804626
2024-04-06 06:05:00+00:00,10.0,3.593813663804626
2024-04-06 07:05:00+00:00,10.0,3.593813663804626
2024-04-06 08:05:00+00:00,10.0,3.593813663804626
2024-04-06 09:05:00+00:00,10.0,3.593813663804626
2024-04-06 10:05:00+00:00,10.0,3.593813663804626
2024-04-06 11:05:00+00:00,10.0,3.593813663804626
2024-04-06 12:05:00+00:00,10.0,3.593813663804626
2024-04-06 13:05:00+00:00,10.0,3.593813663804626
2024-04-06 14:05:00+00:00,10.0,3.593813663804626
2024-04-06 15:05:00+00:00,10.0,3.593813663804626
2024-04-06 16:05:00+00:00,10.0,3.593813663804626
2024-04-06 17:05:00+00:00,10.0,3.593813663804626
2024-04-06 18:05:00+00:00,10.0,3.593813663804626
2024-04-06 19:05:00+00:00,10.0,3.593813663804626
2024-04-06 20:05:00+00:00,10.0,3.593813663804626
2024-04-06 21:05:00+00:00,10.0,3.593813663804626
2024-04-06 22:05:00+00:00,10.0,3.593813663804626
2024-04-06 23:05:00+00:00,10.0,3.593813663804626
2024-04-07 00:05:00+00:00,10.0,3.593813663804626
2024-04-07 01:05:00+00:00,10.0,3.593813663804626
2024-04-07 02:05:00+00:00,10.0,3.593813663804626
2024-04-07 03:05:00+00:00,10.0,3.593813663804626
2024-04-07 04:05:00+00:00,10.0,3.593813663804626
2024-04-07 05:05:00+00:00,10.0,3.593813663804626
2024-04-07 06:05:00+00:00,10.0,3.593813663804626
2024-04-07 07:05:00+00:00,10.0,3.593813663804626
2024-04-07 08:05:00+00:00,10.0,3.593813663804626
2024-04-07 09:05:00+00:00,10.0,3.593813663804626
2024-04-07 10:05:00+00:00,10.0,3.593813663804626
2024-04-07 11:05:00+00:00,10.0,3.593813663804626
2024-04-07 12:05:00+00:00,10.0,3.593813663804626
2024-04-07 13:05:00+00:00,10.0,3.593813663804626
2024-04-07 14:05:00+00:00,10.0,3.593813663804626
2024-04-07 15:05:00+00:00,10.0,3.593813663804626
2024-04-07 16:05:00+00:00,10.0,3.593813663804626
2024-04-07 17:05:00+00:00,10.0,3.593813663804626
2024-04-07 18:05:00+00:00,10.0,3.593813663804626
2024-04-07 19:05:00+00:00,10.0,3.593813663804626
2024-04-07 20:05:00+00:00,10.0,3.593813663804626
2024-04-07 21:05:00+00:00,10.0,3.593813663804626
2024-04-07 22:05:00+00:00,10.0,3.593813663804626
2024-04-07 23:05:00+00:00,10.0,3.593813663804626
2024-04-08 00:05:00+00:00,10.0,3.593813663804626
2024-04-08 01:05:00+00:00,10.0,3.593813663804626
2024-04-08 02:05:00+00:00,10.0,3.593813663804626
2024-04-08 03:05:00+00:00,10.0,3.593813663804626
2024-04-08 04:05:00+00:00,10.0,3.593813663804626
2024-04-08 05:05:00+00:00,10.0,3.593813663804626
2024-04-08 06:05:00+00:00,10.0,3.593813663804626
2024-04-08 07:05:00+00:00,10.0,3.593813663804626
2024-04-08 08:05:00+00:00,10.0,3.593813663804626
2024-04-08 09:05:00+00:00,10.0,3.593813663804626
2024-04-08 10:05:00+00:00,10.0,3.593813663804626
2024-04-08 11:05:00+00:00,10.0,3.593813663804626
2024-04-08 12:05:00+00:00,10.0,3.593813663804626
2024-04-08 13:05:00+00:00,10.0,3.593813663804626
2024-04-08 14:05:00+00:00,10.0,3.593813663804626
2024-04-08 15:05:00+00:00,10.0,3.593813663804626
2024-04-08 16:05:00+00:00,10.0,3.593813663804626
2024-04-08 17:05:00+00:00,10.0,3.593813663804626
2024-04-08 18:05:00+00:00,10.0,3.593813663804626
2024-04-08 19:05:00+00:00,10.0,3.593813663804626
2024-04-08 20:05:00+00:00,10.0,3.593813663804626
2024-04-08 21:05:00+00:00,10.0,3.593813663804626
2024-04-08 22:05:00+00:00,10.0,3.593813663804626
2024-04-08 23:05:00+00:00,10.0,3.593813663804626
2024-04-09 00:05:00+00:00,10.0,3.593813663804626
2024-04-09 01:05:00+00:00,10.0,3.593813663804626
2024-04-09 02:05:00+00:00,10.0,3.593813663804626
2024-04-09 03:05:00+00:00,10.0,3.593813663804626
2024-04-09 04:05:00+00:00,10.0,3.593813663804626
2024-04-09 05:05:00+00:00,10.0,3.593813663804626
2024-04-09 06:05:00+00:00,10.0,3.593813663804626
2024-04-09 07:05:00+00:00,10.0,3.593813663804626
2024-04-09 08:05:00+00:00,10.0,3.593813663804626
2024-04-09 09:05:00+00:00,10.0,3.593813663804626
2024-04-09 10:05:00+00:00,10.0,3.593813663804626
2024-04-09 11:05:00+00:00,10.0,3.593813663804626
2024-04-09 12:05:00+00:00,10.0,3.593813663804626
2024-04-09 13:05:00+00:00,10.0,3.593813663804626
2024-04-09 14:05:00+00:00,10.0,3.593813663804626
2024-04-09 15:05:00+00:00,10.0,3.593813663804626
2024-04-09 16:05:00+00:00,10.0,3.593813663804626
2024-04-09 17:05:00+00:00,10.0,3.593813663804626
2024-04-09 18:05:00+00:00,10.0,3.593813663804626
2024-04-09 19:05:00+00:00,10.0,3.593813663804626
2024-04-09 20:05:00+00:00,10.0,3.593813663804626
2024-04-09 21:05:00+00:00,10.0,3.593813663804626
2024-04-09 22:05:00+00:00,10.0,3.593813663804626
2024-04-09 23:05:00+00:00,10.0,3.593813663804626
2024-04-10 00:05:00+00:00,10.0,3.593813663804626
2024-04-10 01:05:00+00:00,10.0,3.593813663804626
2024-04-10 02:05:00+00:00,10.0,3.593813663804626
2024-04-10 03:05:00+00:00,10.0,3.593813663804626
2024-04-10 04:05:00+00:00,10.0,3.593813663804626
2024-04-10 05:05:00+00:00,10.0,3.593813663804626
2024-04-10 06:05:00+00:00,10.0,3.593813663804626
2024-04-10 07:05:00+00:00,10.0,3.593813663804626
2024-04-10 08:05:00+00:00,10.0,3.593813663804626
2024-04-10 09:05:00+00:00,10.0,3.593813663804626
2024-04-10 10:05:00+00:00,10.0,3.593813663804626
2024-04-10 11:05:00+00:00,10.0,3.593813663804626
2024-04-10 12:05:00+00:00,10.0,3.593813663804626
2024-04-10 13:05:00+00:00,10.0,3.593813663804626
2024-04-10 14:05:00+00:00,10.0,3.593813663804626
2024-04-10 15:05:00+00:00,10.0,3.593813663804626
2024-04-10 16:05:00+00:00,10.0,3.593813663804626
2024-04-10 17:05:00+00:00,10.0,3.593813663804626
2024-04-10 18:05:00+00:00,10.0,3.593813663804626
2024-04-10 19:05:00+00:00,10.0,3.593813663804626
2024-04-10 20:05:00+00:00,10.0,3.593813663804626
2024-04-10 21:05:00+00:00,10.0,3.593813663804626
2024-04-10 22:05:00+00:00,10.0,3.593813663804626
2024-04-10 23:05:00+00:00,10.0,3.593813663804626
2024-04-11 00:05:00+00:00,10.0,3.593813663804626
2024-04-11 01:05:00+00:00,10.0,3.593813663804626
2024-04-11 02:05:00+00:00,10.0,3.593813663804626
2024-04-11 03:05:00+00:00,10.0,3.593813663804626
2024-04-11 04:05:00+00:00,10.0,3.593813663804626
2024-04-11 05:05:00+00:00,10.0,3.593813663804626
2024-04-11 06:05:00+00:00,10.0,3.593813663804626
2024-04-11 07:05:00+00:00,10.0,3.593813663804626
2024-04-11 08:05:00+00:00,10.0,3.593813663804626
2024-04-11 09:05:00+00:00,10.0,3.593813663804626
2024-04-11 10:05:00+00:00,10.0,3.593813663804626
2024-04-11 11:05:00+00:00,10.0,3.593813663804626
2024-04-11 12:05:00+00:00,10.0,3.593813663804626
2024-04-11 13:05:00+00:00,10.0,3.593813663804626
2024-04-11 14:05:00+00:00,10.0,3.593813663804626
2024-04-11 15:05:00+00:00,10.0,3.593813663804626
2024-04-11 16:05:00+00:00,10.0,3.593813663804626
2024-04-11 17:05:00+00:00,10.0,3.593813663804626
2024-04-11 18:05:00+00:00,10.0,3.593813663804626
2024-04-11 19:05:00+00:00,10.0,3.593813663804626
2024-04-11 20:05:00+00:00,10.0,3.593813663804626
2024-04-11 21:05:00+00:00,10.0,3.593813663804626
2024-04-11 22:05:00+00:00,10.0,3.593813663804626
2024-04-11 23:05:00+00:00,10.0,3.593813663804626
2024-04-12 00:05:00+00:00,10.0,3.593813663804626
2024-04-12 01:05:00+00:00,10.0,3.593813663804626
2024-04-12 02:05:00+00:00,10.0,3.593813663804626
2024-04-12 03:05:00+00:00,10.0,3.593813663804626
2024-04-12 04:05:00+00:00,10.0,3.593813663804626
2024-04-12 05:05:00+00:00,10.0,3.593813663804626
2024-04-12 06:05:00+00:00,10.0,3.593813663804626
2024-04-12 07:05:00+00:00,10.0,3.593813663804626
2024-04-12 08:05:00+00:00,10.0,3.593813663804626
2024-04-12 09:05:00+00:00,10.0,3.593813663804626
2024-04-12 10:05:00+00:00,10.0,3.593813663804626
2024-04-12 11:05:00+00:00,10.0,3.593813663804626
2024-04-12 12:05:00+00:00,10.0,3.593813663804626
2024-04-12 13:05:00+00:00,10.0,3.593813663804626
2024-04-12 14:05:00+00:00,10.0,3.593813663804626
2024-04-12 15:05:00+00:00,10.0,3.593813663804626
2024-04-12 16:05:00+00:00,10.0,3.593813663804626
2024-04-12 17:05:00+00:00,10.0,3.593813663804626
2024-04-12 18:05:00+00:00,10.0,3.593813663804626
2024-04-12 19:05:00+00:00,10.0,3.593813663804626
2024-04-12 20:05:00+00:00,10.0,3.593813663804626
2024-04-12 21:05:00+00:00,10.0,3.593813663804626
2024-04-12 22:05:00+00:00,10.0,3.593813663804626
2024-04-12 23:05:00+00:00,10.0,3.593813663804626
2024-04-13 00:05:00+00:00,10.0,3.593813663804626
2024-04-13 01:05:00+00:00,10.0,3.593813663804626
2024-04-13 02:05:00+00:00,10.0,3.593813663804626
2024-04-13 03:05:00+00:00,10.0,3.593813663804626
2024-04-13 04:05:00+00:00,10.0,3.593813663804626
2024-04-13 05:05:00+00:00,10.0,3.593813663804626
2024-04-13 06:05:00+00:00,10.0,3.593813663804626
2024-04-13 07:05:00+00:00,10.0,3.593813663804626
2024-04-13 08:05:00+00:00,10.0,3.593813663804626
2024-04-13 09:05:00+00:00,10.0,3.593813663804626
2024-04-13 10:05:00+00:00,10.0,3.593813663804626
2024-04-13 11:05:00+00:00,10.0,3.593813663804626
2024-04-13 12:05:00+00:00,10.0,3.593813663804626
2024-04-13 13:05:00+00:00,10.0,3.593813663804626
2024-04-13 14:05:00+00:00,10.0,3.593813663804626
2024-04-13 15:05:00+00:00,10.0,3.593813663804626
2024-04-13 16:05:00+00:00,10.0,3.593813663804626
2024-04-13 17:05:00+00:00,10.0,3.593813663804626
2024-04-13 18:05:00+00:00,10.0,3.593813663804626
2024-04-13 19:05:00+00:00,10.0,3.593813663804626
2024-04-13 20:05:00+00:00,10.0,3.593813663804626
2024-04-13 21:05:00+00:00,10.0,3.593813663804626
2024-04-13 22:05:00+00:00,10.0,3.593813663804626
2024-04-13 23:05:00+00:00,10.0,3.593813663804626
2024-04-14 00:05:00+00:00,10.0,3.593813663804626
2024-04-14 01:05:00+00:00,10.0,3.593813663804626
2024-04-14 02:05:00+00:00,10.0,3.593813663804626
2024-04-14 03:05:00+00:00,10.0,3.593813663804626
2024-04-14 04:05:00+00:00,10.0,3.593813663804626
2024-04-14 05:05:00+00:00,10.0,3.593813663804626
2024-04-14 06:05:00+00:00,10.0,3.593813663804626
2024-04-14 07:05:00+00:00,10.0,3.593813663804626
2024-04-14 08:05:00+00:00,10.0,3.593813663804626
2024-04-14 09:05:00+00:00,10.0,3.593813663804626
2024-04-14 10:05:00+00:00,10.0,3.593813663804626
2024-04-14 11:05:00+00:00,10.0,3.593813663804626
2024-04-14 12:05:00+00:00,10.0,3.593813663804626
2024-04-14 13:05:00+00:00,10.0,3.593813663804626
2024-04-14 14:05:00+00:00,10.0,3.593813663804626
2024-04-14 15:05:00+00:00,10.0,3.593813663804626
2024-04-14 16:05:00+00:00,10.0,3.593813663804626
2024-04-14 17:05:00+00:00,10.0,3.593813663804626
2024-04-14 18:05:00+00:00,10.0,3.593813663804626
2024-04-14 19:05:00+00:00,10.0,3.593813663804626
2024-04-14 20:05:00+00:00,10.0,3.593813663804626
2024-04-14 21:05:00+00:00,10.0,3.593813663804626
2024-04-14 22:05:00+00:00,10.0,3.593813663804626
2024-04-14 23:05:00+00:00,10.0,3.593813663804626
2024-04-15 00:05:00+00:00,10.0,3.593813663804626
2024-04-15 01:05:00+00:00,10.0,3.593813663804626
2024-04-15 02:05:00+00:00,10.0,3.593813663804626
2024-04-15 03:05:00+00:00,10.0,3.593813663804626
2024-04-15 04:05:00+00:00,10.0,3.593813663804626
2024-04-15 05:05:00+00:00,10.0,3.593813663804626
2024-04-15 06:05:00+00:00,10.0,3.593813663804626
2024-04-15 07:05:00+00:00,10.0,3.593813663804626
2024-04-15 08:05:00+00:00,10.0,3.593813663804626
2024-04-15 09:05:00+00:00,10.0,3.593813663804626
2024-04-15 10:05:00+00:00,10.0,3.593813663804626
2024-04-15 11:05:00+00:00,10.0,3.593813663804626
2024-04-15 12:05:00+00:00,10.0,3.593813663804626
2024-04-15 13:05:00+00:00,10.0,3.593813663804626
2024-04-15 14:05:00+00:00,10.0,3.593813663804626
2024-04-15 15:05:00+00:00,10.0,3.593813663804626
2024-04-15 16:05:00+00:00,10.0,3.593813663804626
2024-04-15 17:05:00+00:00,10.0,3.593813663804626
2024-04-15 18:05:00+00:00,10.0,3.593813663804626
2024-04-15 19:05:00+00:00,10.0,3.593813663804626
2024-04-15 20:05:00+00:00,10.0,3.593813663804626
2024-04-15 21:05:00+00:00,10.0,3.593813663804626
2024-04-15 22:05:00+00:00,10.0,3.593813663804626
2024-04-15 23:05:00+00:00,10.0,3.593813663804626
2024-04-16 00:05:00+00:00,10.0,3.593813663804626
2024-04-16 01:05:00+00:00,10.0,3.593813663804626
2024-04-16 02:05:00+00:00,10.0,3.593813663804626
2024-04-16 03:05:00+00:00,10.0,3.593813663804626
2024-04-16 04:05:00+00:00,10.0,3.593813663804626
2024-04-16 05:05:00+00:00,10.0,3.593813663804626
2024-04-16 06:05:00+00:00,10.0,3.593813663804626
2024-04-16 07:05:00+00:00,10.0,3.593813663804626
2024-04-16 08:05:00+00:00,10.0,3.593813663804626
2024-04-16 09:05:00+00:00,10.0,3.593813663804626
2024-04-16 10:05:00+00:00,10.0,3.593813663804626
2024-04-16 11:05:00+00:00,10.0,3.593813663804626
2024-04-16 12:05:00+00:00,10.0,3.593813663804626
2024-04-16 13:05:00+00:00,10.0,3.593813663804626
2024-04-16 14:05:00+00:00,10.0,3.593813663804626
2024-04-16 15:05:00+00:00,10.0,3.593813663804626
2024-04-16 16:05:00+00:00,10.0,3.593813663804626
2024-04-16 17:05:00+00:00,10.0,3.593813663804626
2024-04-16 18:05:00+00:00,10.0,3.593813663804626
2024-04-16 19:05:00+00:00,10.0,3.593813663804626
2024-04-16 20:05:00+00:00,10.0,3.593813663804626
2024-04-16 21:05:00+00:00,10.0,3.593813663804626
2024-04-16 22:05:00+00:00,10.0,3.593813663804626
2024-04-16 23:05:00+00:00,10.0,3.593813663804626
2024-04-17 00:05:00+00:00,10.0,3.593813663804626
2024-04-17 01:05:00+00:00,10.0,3.593813663804626
2024-04-17 02:05:00+00:00,10.0,3.593813663804626
2024-04-17 03:05:00+00:00,10.0,3.593813663804626
2024-04-17 04:05:00+00:00,10.0,3.593813663804626
2024-04-17 05:05:00+00:00,10.0,3.593813663804626
2024-04-17 06:05:00+00:00,10.0,3.593813663804626
2024-04-17 07:05:00+00:00,10.0,3.593813663804626
2024-04-17 08:05:00+00:00,10.0,3.593813663804626
2024-04-17 09:05:00+00:00,10.0,3.593813663804626
2024-04-17 10:05:00+00:00,10.0,3.593813663804626
2024-04-17 11:05:00+00:00,10.0,3.593813663804626
2024-04-17 12:05:00+00:00,10.0,3.593813663804626
2024-04-17 13:05:00+00:00,10.0,3.593813663804626
2024-04-17 14:05:00+00:00,10.0,3.593813663804626
2024-04-17 15:05:00+00:00,10.0,3.593813663804626
2024-04-17 16:05:00+00:00,10.0,3.593813663804626
2024-04-17 17:05:00+00:00,10.0,3.593813663804626
2024-04-17 18:05:00+00:00,10.0,3.593813663804626
2024-04-17 19:05:00+00:00,10.0,3.593813663804626
2024-04-17 20:05:00+00:00,10.0,3.593813663804626
2024-04-17 21:05:00+00:00,10.0,3.593813663804626
2024-04-17 22:05:00+00:00,10.0,3.593813663804626
2024-04-17 23:05:00+00:00,10.0,3.593813663804626
2024-04-18 00:05:00+00:00,10.0,3.593813663804626
2024-04-18 01:05:00+00:00,10.0,3.593813663804626
2024-04-18 02:05:00+00:00,10.0,3.593813663804626
2024-04-18 03:05:00+00:00,10.0,3.593813663804626
2024-04-18 04:05:00+00:00,10.0,3.593813663804626
2024-04-18 05:05:00+00:00,10.0,3.593813663804626
2024-04-18 06:05:00+00:00,10.0,3.593813663804626
2024-04-18 07:05:00+00:00,10.0,3.593813663804626
2024-04-18 08:05:00+00:00,10.0,3.593813663804626
2024-04-18 09:05:00+00:00,10.0,3.593813663804626
2024-04-18 10:05:00+00:00,10.0,3.593813663804626
2024-04-18 11:05:00+00:00,10.0,3.593813663804626
2024-04-18 12:05:00+00:00,10.0,3.593813663804626
2024-04-18 13:05:00+00:00,10.0,3.593813663804626
2024-04-18 14:05:00+00:00,10.0,3.593813663804626
2024-04-18 15:05:00+00:00,10.0,3.593813663804626
2024-04-18 16:05:00+00:00,10.0,3.593813663804626
2024-04-18 17:05:00+00:00,10.0,3.593813663804626
2024-04-18 18:05:00+00:00,10.0,3.593813663804626
2024-04-18 19:05:00+00:00,10.0,3.593813663804626
2024-04-18 20:05:00+00:00,10.0,3.593813663804626
2024-04-18 21:05:00+00:00,10.0,3.593813663804626
2024-04-18 22:05:00+00:00,10.0,3.593813663804626
2024-04-18 23:05:00+00:00,10.0,3.593813663804626
2024-04-19 00:05:00+00:00,10.0,3.593813663804626
2024-04-19 01:05:00+00:00,10.0,3.593813663804626
2024-04-19 02:05:00+00:00,10.0,3.593813663804626
2024-04-19 03:05:00+00:00,10.0,3.593813663804626
2024-04-19 04:05:00+00:00,10.0,3.593813663804626
2024-04-19 05:05:00+00:00,10.0,3.593813663804626
2024-04-19 06:05:00+00:00,10.0,3.593813663804626
2024-04-19 07:05:00+00:00,10.0,3.593813663804626
2024-04-19 08:05:00+00:00,10.0,3.593813663804626
2024-04-19 09:05:00+00:00,10.0,3.593813663804626
2024-04-19 10:05:00+00:00,10.0,3.593813663804626
2024-04-19 11:05:00+00:00,10.0,3.593813663804626
2024-04-19 12:05:00+00:00,10.0,3.593813663804626
2024-04-19 13:05:00+00:00,10.0,3.593813663804626
2024-04-19 14:05:00+00:00,10.0,3.593813663804626
2024-04-19 15:05:00+00:00,10.0,3.593813663804626
2024-04-19 16:05:00+00:00,10.0,3.593813663804626
2024-04-19 17:05:00+00:00,10.0,3.593813663804626
2024-04-19 18:05:00+00:00,10.0,3.593813663804626
2024-04-19 19:05:00+00:00,10.0,3.593813663804626
2024-04-19 20:05:00+00:00,10.0,3.593813663804626
2024-04-19 21:05:00+00:00,10.0,3.593813663804626
2024-04-19 22:05:00+00:00,10.0,3.593813663804626
2024-04-19 23:05:00+00:00,10.0,3.593813663804626
2024-04-20 00:05:00+00:00,10.0,3.593813663804626
2024-04-20 01:05:00+00:00,10.0,3.593813663804626
2024-04-20 02:05:00+00:00,10.0,3.593813663804626
2024-04-20 03:05:00+00:00,10.0,3.593813663804626
2024-04-20 04:05:00+00:00,10.0,3.593813663804626
2024-04-20 05:05:00+00:00,10.0,3.593813663804626
2024-04-20 06:05:00+00:00,10.0,3.593813663804626
2024-04-20 07:05:00+00:00,10.0,3.593813663804626
2024-04-20 08:05:00+00:00,10.0,3.593813663804626
2024-04-20 09:05:00+00:00,10.0,3.593813663804626
2024-04-20 10:05:00+00:00,10.0,3.593813663804626
2024-04-20 11:05:00+00:00,10.0,3.593813663804626
2024-04-20 12:05:00+00:00,10.0,3.593813663804626
2024-04-20 13:05:00+00:00,10.0,3.593813663804626
2024-04-20 14:05:00+00:00,10.0,3.593813663804626
2024-04-20 15:05:00+00:00,10.0,3.593813663804626
2024-04-20 16:05:00+00:00,10.0,3.593813663804626
2024-04-20 17:05:00+00:00,10.0,3.593813663804626
2024-04-20 18:05:00+00:00,10.0,3.593813663804626
2024-04-20 19:05:00+00:00,10.0,3.593813663804626
2024-04-20 20:05:00+00:00,10.0,3.593813663804626
2024-04-20 21:05:00+00:00,10.0,3.593813663804626
2024-04-20 22:05:00+00:00,10.0,3.593813663804626
2024-04-20 23:05:00+00:00,10.0,3.593813663804626
2024-04-21 00:05:00+00:00,10.0,3.593813663804626
2024-04-21 01:05:00+00:00,10.0,3.593813663804626
2024-04-21 02:05:00+00:00,10.0,3.593813663804626
2024-04-21 03:05:00+00:00,10.0,3.593813663804626
2024-04-21 04:05:00+00:00,10.0,3.593813663804626
2024-04-21 05:05:00+00:00,10.0,3.593813663804626
2024-04-21 06:05:00+00:00,10.0,3.593813663804626
2024-04-21 07:05:00+00:00,10.0,3.593813663804626
2024-04-21 08:05:00+00:00,10.0,3.593813663804626
2024-04-21 09:05:00+00:00,10.0,3.593813663804626
2024-04-21 10:05:00+00:00,10.0,3.593813663804626
2024-04-21 11:05:00+00:00,10.0,3.593813663804626
2024-04-21 12:05:00+00:00,10.0,3.593813663804626
2024-04-21 13:05:00+00:00,10.0,3.593813663804626
2024-04-21 14:05:00+00:00,10.0,3.593813663804626
2024-04-21 15:05:00+00:00,10.0,3.593813663804626
2024-04-21 16:05:00+00:00,10.0,3.593813663804626
2024-04-21 17:05:00+00:00,10.0,3.593813663804626
2024-04-21 18:05:00+00:00,10.0,3.593813663804626
2024-04-21 19:05:00+00:00,10.0,3.593813663804626
2024-04-21 20:05:00+00:00,10.0,3.593813663804626
2024-04-21 21:05:00+00:00,10.0,3.593813663804626
2024-04-21 22:05:00+00:00,10.0,3.593813663804626
2024-04-21 23:05:00+00:00,10.0,3.593813663804626
2024-04-22 00:05:00+00:00,10.0,3.593813663804626
2024-04-22 01:05:00+00:00,10.0,3.593813663804626
2024-04-22 02:05:00+00:00,10.0,3.593813663804626
2024-04-22 03:05:00+00:00,10.0,3.593813663804626
2024-04-22 04:05:00+00:00,10.0,3.593813663804626
2024-04-22 05:05:00+00:00,10.0,3.593813663804626
2024-04-22 06:05:00+00:00,10.0,3.593813663804626
2024-04-22 07:05:00+00:00,10.0,3.593813663804626
2024-04-22 08:05:00+00:00,10.0,3.593813663804626
2024-04-22 09:05:00+00:00,10.0,3.593813663804626
2024-04-22 10:05:00+00:00,10.0,3.593813663804626
2024-04-22 11:05:00+00:00,10.0,3.593813663804626
2024-04-22 12:05:00+00:00,10.0,3.593813663804626
2024-04-22 13:05:00+00:00,10.0,3.593813663804626
2024-04-22 14:05:00+00:00,10.0,3.593813663804626
2024-04-22 15:05:00+00:00,10.0,3.593813663804626
2024-04-22 16:05:00+00:00,10.0,3.593813663804626
2024-04-22 17:05:00+00:00,10.0,3.593813663804626
2024-04-22 18:05:00+00:00,10.0,3.593813663804626
2024-04-22 19:05:00+00:00,10.0,3.593813663804626
2024-04-22 20:05:00+00:00,10.0,3.593813663804626
2024-04-22 21:05:00+00:00,10.0,3.593813663804626
2024-04-22 22:05:00+00:00,10.0,3.593813663804626
2024-04-22 23:05:00+00:00,10.0,3.593813663804626
2024-04-23 00:05:00+00:00,10.0,3.593813663804626
2024-04-23 01:05:00+00:00,10.0,3.593813663804626
2024-04-23 02:05:00+00:00,10.0,3.593813663804626
2024-04-23 03:05:00+00:00,10.0,3.593813663804626
2024-04-23 04:05:00+00:00,10.0,3.593813663804626
2024-04-23 05:05:00+00:00,10.0,3.593813663804626
2024-04-23 06:05:00+00:00,10.0,3.593813663804626
2024-04-23 07:05:00+00:00,10.0,3.593813663804626
2024-04-23 08:05:00+00:00,10.0,3.593813663804626
2024-04-23 09:05:00+00:00,10.0,3.593813663804626
2024-04-23 10:05:00+00:00,10.0,3.593813663804626
2024-04-23 11:05:00+00:00,10.0,3.593813663804626
2024-04-23 12:05:00+00:00,10.0,3.593813663804626
2024-04-23 13:05:00+00:00,10.0,3.593813663804626
2024-04-23 14:05:00+00:00,10.0,3.593813663804626
2024-04-23 15:05:00+00:00,10.0,3.593813663804626
2024-04-23 16:05:00+00:00,10.0,3.593813663804626
2024-04-23 17:05:00+00:00,10.0,3.593813663804626
2024-04-23 18:05:00+00:00,10.0,3.593813663804626
2024-04-23 19:05:00+00:00,10.0,3.593813663804626
2024-04-23 20:05:00+00:00,10.0,3.593813663804626
2024-04-23 21:05:00+00:00,10.0,3.593813663804626
2024-04-23 22:05:00+00:00,10.0,3.593813663804626
2024-04-23 23:05:00+00:00,10.0,3.593813663804626
2024-04-24 00:05:00+00:00,10.0,3.593813663804626
2024-04-24 01:05:00+00:00,10.0,3.593813663804626
2024-04-24 02:05:00+00:00,10.0,3.593813663804626
2024-04-24 03:05:00+00:00,10.0,3.593813663804626
2024-04-24 04:05:00+00:00,10.0,3.593813663804626
2024-04-24 05:05:00+00:00,10.0,3.593813663804626
2024-04-24 06:05:00+00:00,10.0,3.593813663804626
2024-04-24 07:05:00+00:00,10.0,3.593813663804626
2024-04-24 08:05:00+00:00,10.0,3.593813663804626
2024-04-24 09:05:00+00:00,10.0,3.593813663804626
2024-04-24 10:05:00+00:00,10.0,3.593813663804626
2024-04-24 11:05:00+00:00,10.0,3.593813663804626
2024-04-24 12:05:00+00:00,10.0,3.593813663804626
2024-04-24 13:05:00+00:00,10.0,3.593813663804626
2024-04-24 14:05:00+00:00,10.0,3.593813663804626
2024-04-24 15:05:00+00:00,10.0,3.593813663804626
2024-04-24 16:05:00+00:00,10.0,3.593813663804626
2024-04-24 17:05:00+00:00,10.0,3.593813663804626
2024-04-24 18:05:00+00:00,10.0,3.593813663804626
2024-04-24 19:05:00+00:00,10.0,3.593813663804626
2024-04-24 20:05:00+00:00,10.0,3.593813663804626
2024-04-24 21:05:00+00:00,10.0,3.593813663804626
2024-04-24 22:05:00+00:00,10.0,3.593813663804626
2024-04-24 23:05:00+00:00,10.0,3.593813663804626
2024-04-25 00:05:00+00:00,10.0,3.593813663804626
2024-04-25 01:05:00+00:00,10.0,3.593813663804626
2024-04-25 02:05:00+00:00,10.0,3.593813663804626
2024-04-25 03:05:00+00:00,10.0,3.593813663804626
2024-04-25 04:05:00+00:00,10.0,3.593813663804626
2024-04-25 05:05:00+00:00,10.0,3.593813663804626
2024-04-25 06:05:00+00:00,10.0,3.593813663804626
2024-04-25 07:05:00+00:00,10.0,3.593813663804626
2024-04-25 08:05:00+00:00,10.0,3.593813663804626
2024-04-25 09:05:00+00:00,10.0,3.593813663804626
2024-04-25 10:05:00+00:00,10.0,3.593813663804626
2024-04-25 11:05:00+00:00,10.0,3.593813663804626
2024-04-25 12:05:00+00:00,10.0,3.593813663804626
2024-04-25 13:05:00+00:00,10.0,3.593813663804626
2024-04-25 14:05:00+00:00,10.0,3.593813663804626
2024-04-25 15:05:00+00:00,10.0,3.593813663804626
2024-04-25 16:05:00+00:00,10.0,3.593813663804626
2024-04-25 17:05:00+00:00,10.0,3.593813663804626
2024-04-25 18:05:00+00:00,10.0,3.593813663804626
2024-04-25 19:05:00+00:00,10.0,3.593813663804626
2024-04-25 20:05:00+00:00,10.0,3.593813663804626
2024-04-25 21:05:00+00:00,10.0,3.593813663804626
2024-04-25 22:05:00+00:00,10.0,3.593813663804626
2024-04-25 23:05:00+00:00,10.0,3.593813663804626
2024-04-26 00:05:00+00:00,10.0,3.593813663804626
2024-04-26 01:05:00+00:00,10.0,3.593813663804626
2024-04-26 02:05:00+00:00,10.0,3.593813663804626
2024-04-26 03:05:00+00:00,10.0,3.593813663804626
2024-04-26 04:05:00+00:00,10.0,3.593813663804626
2024-04-26 05:05:00+00:00,10.0,3.593813663804626
2024-04-26 06:05:00+00:00,10.0,3.593813663804626
2024-04-26 07:05:00+00:00,10.0,3.593813663804626
2024-04-26 08:05:00+00:00,10.0,3.593813663804626
2024-04-26 09:05:00+00:00,10.0,3.593813663804626
2024-04-26 10:05:00+00:00,10.0,3.593813663804626
2024-04-26 11:05:00+00:00,10.0,3.593813663804626
2024-04-26 12:05:00+00:00,10.0,3.593813663804626
2024-04-26 13:05:00+00:00,10.0,3.593813663804626
2024-04-26 14:05:00+00:00,10.0,3.593813663804626
2024-04-26 15:05:00+00:00,10.0,3.593813663804626
2024-04-26 16:05:00+00:00,10.0,3.593813663804626
2024-04-26 17:05:00+00:00,10.0,3.593813663804626
2024-04-26 18:05:00+00:00,10.0,3.593813663804626
2024-04-26 19:05:00+00:00,10.0,3.593813663804626
2024-04-26 20:05:00+00:00,10.0,3.593813663804626
2024-04-26 21:05:00+00:00,10.0,3.593813663804626
2024-04-26 22:05:00+00:00,10.0,3.593813663804626
2024-04-26 23:05:00+00:00,10.0,3.593813663804626
2024-04-27 00:05:00+00:00,10.0,3.593813663804626
2024-04-27 01:05:00+00:00,10.0,3.593813663804626
2024-04-27 02:05:00+00:00,10.0,3.593813663804626
2024-04-27 03:05:00+00:00,10.0,3.593813663804626
2024-04-27 04:05:00+00:00,10.0,3.593813663804626
2024-04-27 05:05:00+00:00,10.0,3.593813663804626
2024-04-27 06:05:00+00:00,10.0,3.593813663804626
2024-04-27 07:05:00+00:00,10.0,3.593813663804626
2024-04-27 08:05:00+00:00,10.0,3.593813663804626
2024-04-27 09:05:00+00:00,10.0,3.593813663804626
2024-04-27 10:05:00+00:00,10.0,3.593813663804626
2024-04-27 11:05:00+00:00,10.0,3.593813663804626
2024-04-27 12:05:00+00:00,10.0,3.593813663804626
2024-04-27 13:05:00+00:00,10.0,3.593813663804626
2024-04-27 14:05:00+00:00,10.0,3.593813663804626
2024-04-27 15:05:00+00:00,10.0,3.593813663804626
2024-04-27 16:05:00+00:00,10.0,3.593813663804626
2024-04-27 17:05:00+00:00,10.0,3.593813663804626
2024-04-27 18:05:00+00:00,10.0,3.593813663804626
2024-04-27 19:05:00+00:00,10.0,3.593813663804626
2024-04-27 20:05:00+00:00,10.0,3.593813663804626
2024-04-27 21:05:00+00:00,10.0,3.593813663804626
2024-04-27 22:05:00+00:00,10.0,3.593813663804626
2024-04-27 23:05:00+00:00,10.0,3.593813663804626
2024-04-28 00:05:00+00:00,10.0,3.593813663804626
2024-04-28 01:05:00+00:00,10.0,3.593813663804626
2024-04-28 02:05:00+00:00,10.0,3.593813663804626
2024-04-28 03:05:00+00:00,10.0,3.593813663804626
2024-04-28 04:05:00+00:00,10.0,3.593813663804626
2024-04-28 05:05:00+00:00,10.0,3.593813663804626
2024-04-28 06:05:00+00:00,10.0,3.593813663804626
2024-04-28 07:05:00+00:00,10.0,3.593813663804626
2024-04-28 08:05:00+00:00,10.0,3.593813663804626
2024-04-28 09:05:00+00:00,10.0,3.593813663804626
2024-04-28 10:05:00+00:00,10.0,3.593813663804626
2024-04-28 11:05:00+00:00,10.0,3.593813663804626
2024-04-28 12:05:00+00:00,10.0,3.593813663804626
2024-04-28 13:05:00+00:00,10.0,3.593813663804626
2024-04-28 14:05:00+00:00,10.0,3.593813663804626
2024-04-28 15:05:00+00:00,10.0,3.593813663804626
2024-04-28 16:05:00+00:00,10.0,3.593813663804626
2024-04-28 17:05:00+00:00,10.0,3.593813663804626
2024-04-28 18:05:00+00:00,10.0,3.593813663804626
2024-04-28 19:05:00+00:00,10.0,3.593813663804626
2024-04-28 20:05:00+00:00,10.0,3.593813663804626
2024-04-28 21:05:00+00:00,10.0,3.593813663804626
2024-04-28 22:05:00+00:00,10.0,3.593813663804626
2024-04-28 23:05:00+00:00,10.0,3.593813663804626
2024-04-29 00:05:00+00:00,10.0,3.593813663804626
2024-04-29 01:05:00+00:00,10.0,3.593813663804626
2024-04-29 02:05:00+00:00,10.0,3.593813663804626
2024-04-29 03:05:00+00:00,10.0,3.593813663804626
2024-04-29 04:05:00+00:00,10.0,3.593813663804626
2024-04-29 05:05:00+00:00,10.0,3.593813663804626
2024-04-29 06:05:00+00:00,10.0,3.593813663804626
2024-04-29 07:05:00+00:00,10.0,3.593813663804626
2024-04-29 08:05:00+00:00,10.0,3.593813663804626
2024-04-29 09:05:00+00:00,10.0,3.593813663804626
2024-04-29 10:05:00+00:00,10.0,3.593813663804626
2024-04-29 11:05:00+00:00,10.0,3.593813663804626
2024-04-29 12:05:00+00:00,10.0,3.593813663804626
2024-04-29 13:05:00+00:00,10.0,3.593813663804626
2024-04-29 14:05:00+00:00,10.0,3.593813663804626
2024-04-29 15:05:00+00:00,10.0,3.593813663804626
2024-04-29 16:05:00+00:00,10.0,3.593813663804626
2024-04-29 17:05:00+00:00,10.0,3.593813663804626
2024-04-29 18:05:00+00:00,10.0,3.593813663804626
2024-04-29 19:05:00+00:00,10.0,3.593813663804626
2024-04-29 20:05:00+00:00,10.0,3.593813663804626
2024-04-29 21:05:00+00:00,10.0,3.593813663804626
2024-04-29 22:05:00+00:00,10.0,3.593813663804626
2024-04-29 23:05:00+00:00,10.0,3.593813663804626
2024-04-30 00:05:00+00:00,10.0,3.593813663804626
2024-04-30 01:05:00+00:00,10.0,3.593813663804626
2024-04-30 02:05:00+00:00,10.0,3.593813663804626
2024-04-30 03:05:00+00:00,10.0,3.593813663804626
2024-04-30 04:05:00+00:00,10.0,3.593813663804626
2024-04-30 05:05:00+00:00,10.0,3.593813663804626
2024-04-30 06:05:00+00:00,10.0,3.593813663804626
2024-04-30 07:05:00+00:00,10.0,3.593813663804626
2024-04-30 08:05:00+00:00,10.0,3.593813663804626
2024-04-30 09:05:00+00:00,10.0,3.593813663804626
2024-04-30 10:05:00+00:00,10.0,3.593813663804626
2024-04-30 11:05:00+00:00,10.0,3.593813663804626
2024-04-30 12:05:00+00:00,10.0,3.593813663804626
2024-04-30 13:05:00+00:00,10.0,3.593813663804626
2024-04-30 14:05:00+00:00,10.0,3.593813663804626
2024-04-30 15:05:00+00:00,10.0,3.593813663804626
2024-04-30 16:05:00+00:00,10.0,3.593813663804626
2024-04-30 17:05:00+00:00,10.0,3.593813663804626
2024-04-30 18:05:00+00:00,10.0,3.593813663804626
2024-04-30 19:05:00+00:00,10.0,3.593813663804626
2024-04-30 20:05:00+00:00,10.0,3.593813663804626
2024-04-30 21:05:00+00:00,10.0,3.593813663804626
2024-04-30 22:05:00+00:00,10.0,3.593813663804626
2024-04-30 23:05:00+00:00,10.0,3.593813663804626
2024-05-01 00:05:00+00:00,10.0,3.593813663804626
2024-05-01 01:05:00+00:00,10.0,3.593813663804626
2024-05-01 02:05:00+00:00,10.0,3.593813663804626
2024-05-01 03:05:00+00:00,10.0,3.593813663804626
2024-05-01 04:05:00+00:00,10.0,3.593813663804626
2024-05-01 05:05:00+00:00,10.0,3.593813663804626
2024-05-01 06:05:00+00:00,10.0,3.593813663804626
2024-05-01 07:05:00+00:00,10.0,3.593813663804626
2024-05-01 08:05:00+00:00,10.0,3.593813663804626
2024-05-01 09:05:00+00:00,10.0,3.593813663804626
2024-05-01 10:05:00+00:00,10.0,3.593813663804626
2024-05-01 11:05:00+00:00,10.0,3.593813663804626
2024-05-01 12:05:00+00:00,10.0,3.593813663804626
2024-05-01 13:05:00+00:00,10.0,3.593813663804626
2024-05-01 14:05:00+00:00,10.0,3.593813663804626
2024-05-01 15:05:00+00:00,10.0,3.593813663804626
2024-05-01 16:05:00+00:00,10.0,3.593813663804626
2024-05-01 17:05:00+00:00,10.0,3.593813663804626
2024-05-01 18:05:00+00:00,10.0,3.593813663804626
2024-05-01 19:05:00+00:00,10.0,3.593813663804626
2024-05-01 20:05:00+00:00,10.0,3.593813663804626
2024-05-01 21:05:00+00:00,10.0,3.593813663804626
2024-05-01 22:05:00+00:00,10.0,3.593813663804626
2024-05-01 23:05:00+00:00,10.0,3.593813663804626
2024-05-02 00:05:00+00:00,10.0,3.593813663804626
2024-05-02 01:05:00+00:00,10.0,3.593813663804626
2024-05-02 02:05:00+00:00,10.0,3.593813663804626
2024-05-02 03:05:00+00:00,10.0,3.593813663804626
2024-05-02 04:05:00+00:00,10.0,3.593813663804626
2024-05-02 05:05:00+00:00,10.0,3.593813663804626
2024-05-02 06:05:00+00:00,10.0,3.593813663804626
2024-05-02 07:05:00+00:00,10.0,3.593813663804626
2024-05-02 08:05:00+00:00,10.0,3.593813663804626
2024-05-02 09:05:00+00:00,10.0,3.593813663804626
2024-05-02 10:05:00+00:00,10.0,3.593813663804626
2024-05-02 11:05:00+00:00,10.0,3.593813663804626
2024-05-02 12:05:00+00:00,10.0,3.593813663804626
2024-05-02 13:05:00+00:00,10.0,3.593813663804626
2024-05-02 14:05:00+00:00,10.0,3.593813663804626
2024-05-02 15:05:00+00:00,10.0,3.593813663804626
2024-05-02 16:05:00+00:00,10.0,3.593813663804626
2024-05-02 17:05:00+00:00,10.0,3.593813663804626
2024-05-02 18:05:00+00:00,10.0,3.593813663804626
2024-05-02 19:05:00+00:00,10.0,3.593813663804626
2024-05-02 20:05:00+00:00,10.0,3.593813663804626
2024-05-02 21:05:00+00:00,10.0,3.593813663804626
2024-05-02 22:05:00+00:00,10.0,3.593813663804626
2024-05-02 23:05:00+00:00,10.0,3.593813663804626
2024-05-03 00:05:00+00:00,10.0,3.593813663804626
2024-05-03 01:05:00+00:00,10.0,3.593813663804626
2024-05-03 02:05:00+00:00,10.0,3.593813663804626
2024-05-03 03:05:00+00:00,10.0,3.593813663804626
2024-05-03 04:05:00+00:00,10.0,3.593813663804626
2024-05-03 05:05:00+00:00,10.0,3.593813663804626
2024-05-03 06:05:00+00:00,10.0,3.593813663804626
2024-05-03 07:05:00+00:00,10.0,3.593813663804626
2024-05-03 08:05:00+00:00,10.0,3.593813663804626
2024-05-03 09:05:00+00:00,10.0,3.593813663804626
2024-05-03 10:05:00+00:00,10.0,3.593813663804626
2024-05-03 11:05:00+00:00,10.0,3.593813663804626
2024-05-03 12:05:00+00:00,10.0,3.593813663804626
2024-05-03 13:05:00+00:00,10.0,3.593813663804626
2024-05-03 14:05:00+00:00,10.0,3.593813663804626
2024-05-03 15:05:00+00:00,10.0,3.593813663804626
2024-05-03 16:05:00+00:00,10.0,3.593813663804626
2024-05-03 17:05:00+00:00,10.0,3.593813663804626
2024-05-03 18:05:00+00:00,10.0,3.593813663804626
2024-05-03 19:05:00+00:00,10.0,3.593813663804626
2024-05-03 20:05:00+00:00,10.0,3.593813663804626
2024-05-03 21:05:00+00:00,10.0,3.593813663804626
2024-05-03 22:05:00+00:00,10.0,3.593813663804626
2024-05-03 23:05:00+00:00,10.0,3.593813663804626
